,links,captions
0,https://www.instagram.com/p/BevYIwpHnTI/?taken-by=xiaxue,Ahhhhhhhhhh backstage photo with @nameweephoto!!!! I super like him he is so talented and funny!!! ğŸ˜ Got loads of the concert on my ig stories you guys are WELCOME!!
1,https://www.instagram.com/p/Benf6KlHYXI/?taken-by=xiaxue,Sunset watching aboard the Benefit Cruise!!! ğŸ˜ğŸ§œğŸ»â€â™€ï¸ Dress by @revolve
2,https://www.instagram.com/p/BenP_vVHssR/?taken-by=xiaxue,The feels when you are already in shock over how beautiful Maldives is (bucket list crossed!) and you find this on the bed... I'm crying @benefitcosmeticssg you spoil me too much ğŸ˜­ check out my IG stories for the villa tour... Which is literally the most beautiful villa I've ever been in!
3,https://www.instagram.com/p/Bek-jviHwIU/?taken-by=xiaxue,"What? You mean not everyone has ğŸ¦„ğŸ§œğŸ»â€â™€ï¸ hair? ğŸ’ğŸ¼â€â™€ï¸
.
Iâ€™m never living without tinsel strands in my hair again. Never. You understand me? NEVER EVER. ğŸ¤© These iridescent babies can now withstand heat (I did them years ago and they melted on the curling iron) so you can straighten or tong them. It might be the best invention in the world, even better than... say... airfryers. #iknowright They are individually knotted on single strands of hair and has lasted me more than a month now. Super comfortable too. Got them done at @glitaf. Yes it looks fucking nice even on black hair, go to their ig to see. Let the tsunami of customers begin, @cleokim. ğŸ˜…"
4,https://www.instagram.com/p/BekIIWtnzII/?taken-by=xiaxue,"Plastic surgery recovery vlog part 2 is finally up! See the final results!! Link here: https://youtu.be/lZpVjM8TZlU
.
Or go to the link on my bio!!! For the next 1 hour I will be replying to all the comments on my YouTube channel so do go watch the video and subscribe please! Shoot all your questions there, even rude ones. Especially rude ones. You know I love a good hater ğŸ˜‚"
5,https://www.instagram.com/p/Bej5FyxnJsK/?taken-by=xiaxue,"Itâ€™s 2018, are you still shaving your unwanted hairs?! ğŸ™…ğŸ¼â€â™€ï¸ Be like me, I go on holidays without bringing razors or tweezers coz I HAVE NO ARM, LEG OR ARMPIT HAIR ANYMORE!! ğŸ˜ All thanks to a few sessions at @datsumolabosg! Painfree too â˜ºï¸
.
Guess what now they have an irresistible promo!!!!!! ğŸ˜±
.
$388 for UNLIMITED Sessions for 12 Months in January, $888 Off Course Packages till Mid Feb, and a FREE BB Cream to first 20 CNY Promo Customers!!!
.
This is super value for money ok especially if you are very hairy and need more sessions! And.... Quote XIAXUE for Extra $88 Off! ğŸ¤‘ Best deal ever!
.
Go to www.datsumo-labo.com.sg/cny2018 for more deets... reposting this image on my ig stories so you can click on the link â˜ºï¸
.
Ps: this is the super gorgeous âˆ pool at @montigoresorts!! I randomly put some pink spots in the sky to make the picture look prettier and I realized I did a terrible job of it oh well. The sky was legit super beautiful that day though!"
6,https://www.instagram.com/p/BeX0AnQH1zw/?taken-by=xiaxue,I donut want to leave ğŸ˜­ğŸ©
7,https://www.instagram.com/p/BeXdReGnv2l/?taken-by=xiaxue,Google pixel XL 2 selfie ğŸ¤³ clear view of all my moles and freckles ğŸ˜…
8,https://www.instagram.com/p/BeXLbauHoR0/?taken-by=xiaxue,Oh #dash2point0
9,https://www.instagram.com/p/BeLQcmSHPOj/?taken-by=xiaxue,Love this super cute and happy shot ğŸ˜ that infinity pool and insane view... canâ€™t believe this is just 45 mins away from Singapore!
10,https://www.instagram.com/p/BeLPAI8Hs8R/?taken-by=xiaxue,"Happiness is watching your kid and friends laugh maniacally together ğŸ˜‚ we had such a super good time at @montigoresorts, especially Dash!! Ps: Eekean snoozing at the back lol"
11,https://www.instagram.com/p/Bd77kAgHb0h/?taken-by=xiaxue,Have you guys watched my latest YouTube video yet? â˜ºï¸ Itâ€™s all about the super EXTRA glow in the dark makeup ğŸ’„ğŸ’¡so click on the link in my bio!! AND THERE IS A FAB GIVEAWAY worth $120 for 3 winners... Thanks to Garnier Micellar Water!! https://youtu.be/dngrk4GEcU4
12,https://www.instagram.com/p/Bdz1w7tn-sp/?taken-by=xiaxue,"For the past week I've been trying out L'OrÃ©al Paris' Revitalift Micro-Essence Water, which #RepairsFromTheFirstDrop! ğŸ’§ This is quite a unique product because it isn't a toner or a moisturiser or a serum per se... It's texture is actually more like... water? The Revitalift Micro-Essence Water has 5x smaller droplets for instant hydration and deeper penetration into skin layers... And it contains 92% Pure Centella Essence to deeply repair! If you didn't know, Centella Asiatica is a trending ingredient that is commonly used for its healing and anti-inflammatory properties, great for anti-aging!
.
Here's my verdict after a week of nonstop usage: I love it! â¤ï¸ It absorbs really fast into skin and almost immediately feels like skin has been plumped? My skin has been feeling very... rough lately, like it doesn't have enough elasticity somehow. Glad I tried this new product and it really made a difference! It also has a pleasantly light fragrance.
.
You can use the Micro-Essence Water with moisturiser but I truly felt there was no need to (saves me time!), by itself it is already very hydrating and definitely makes my skin more dewy/glowy and it feels so much more bouncy with fine lines lessened! At night I pair it with a light touch of Revitalift Night Cream, because I sleep with aircon which really dries out my skin.
.
You can also use the Micro-Essence Water as a mask or on your neck. Best thing of all... It is really really affordable at only $29.90, available at all leading drugstores and departmental stores. If you guys try it, let me know if you like it as much as I do!
.
#firmercrystalclearskin
#LorealParisSG
#becauseweareallworthit
#sp"
13,https://www.instagram.com/p/Bdt07TYnrmV/?taken-by=xiaxue,"Arrived at @montigoresorts yesterday my family and friends and Iâ€™m having a SMASHING time!! Our villa is soooo beautiful and we got a free upgrade too â˜ºï¸â˜ºï¸â˜ºï¸ itâ€™s so nice in here and itâ€™s a dream holiday for me because...
.
1) itâ€™s only 45 Min from sg... fuss free! Nearest holiday that you can get thatâ€™s out of the country I think!
2) i wanted to bring Dash on his first ferry ride
3) the resort has its own infinity pool and you donâ€™t even need to get out of it to have a great time, itâ€™s perfect for children so you donâ€™t have to go through city hustle and bustle! Just chillax and let the water monster (Dash) swim all day
4) Big enough for my friends to come too so they all can help me take care of Dash ğŸ˜
.
We all just soaked up the sun and ate all day yesterday! We had an in-villa bbq and it was delish â˜ºï¸ See my ig stories for a villa tour!"
14,https://www.instagram.com/p/Bdh2YJgnwIn/?taken-by=xiaxue,"Took a little Instagram hiatus over the holidays! My helper is gone for her home leave for a month ğŸ˜­ so Iâ€™ve been super busy cleaning house cooking meals washing laundry folding clothes etc etc ğŸ˜ª Anyway I donâ€™t like Instagram over the holiday season what with all the celebrations, resolutions, pensive thoughts etc etc I just find it tiresomely... whatâ€™s the word... wholesome? Like everyone trying so hard to be all good vibes etc. I donâ€™t know why but Xmas-NYE always feels extra lonely to me. I guess Iâ€™m the Xmas grinch lol!! I complain only but actually I had a great time this Xmas and NYE w friends and family â˜ºï¸ Omg I wrote such a long caption and forgot to explain the photo. On the upcoming Guide to Life I become a Disney inspired princess with @academyofenchantment! It isnâ€™t hard to guess which one ğŸ˜ğŸ§œğŸ»â€â™€ï¸ Also I think my eyes and nose are healing really well, love the end results!! ğŸ˜"
15,https://www.instagram.com/p/Bc7cFAhnbrg/?taken-by=xiaxue,"(AMAZING GIVEAWAY BELOW) Still fussing over what Xmas present to buy for your loved ones and friends?? You can shop from one of my favourite brands: @Orrojewelry! Orro does fine jewelry with high quality diamond simulants. ğŸ’ These lab-made diamonds are a fraction of mined diamond prices and every bit as shiny, to the naked eye you cannot tell the difference at all!
.
Their hand crafted pieces are finished with either solid 18k white/yellow/rose gold (more expensive option) or platinum vermeil (sterling silver, more affordable option) so the jewelry are really beautiful, classy and durable, making them not discernible from expensive fine jewelry at all! It wonâ€™t tarnish and is hypoallergenic ğŸ˜Š
.
You can choose from the thousands of gorgeous designs at Orro, and now the second piece is 50%! ğŸ˜± Going to the Orro shop is like sparkly heaven, I can spend HOURS there just browsing! If you want to give someone something thatâ€™s in between cheap costume jewelry and exorbitant fine jewelry, Orro is a great choice. Their prices start from $145 and up. 1 carat diamond ring? You can afford it! ğŸ’ªğŸ»
.
AND GUESS WHAT YES A GIVEAWAY! Win this Orro Center of My Heart 1.5ct ring in platinum vermeil worth $330 that when worn looks like itâ€™s worth at least $10k ğŸ˜‰ Itâ€™s beautifully intricate with a fine diamond band. I chose it specially for you guys!
.
To win, like this post, follow @orrojewelry and myself on Instagram, then tag your loved ones/friends and tell them why you love them! â˜ºï¸ They have to reply with why they loves you too! Iâ€™ll pick my favourite AWWW comment! Winner has to self collect at Orroâ€™s stores which are in Singapore. Size can be customized. Good luck! Visit http://orro.com for more info ğŸ˜Š
.
#sp"
16,https://www.instagram.com/p/Bc1yasAnRVo/?taken-by=xiaxue,"Thank you @danielwellington for the loving Xmas present! This watch is way too pretty.... shiny rose gold with a clean white face... so much beauty in its simplicity!! Iâ€™m obsessed with rose gold recently so Iâ€™m in love with it, it matches all of my clothes/accessories! ğŸ˜ And guess what it comes with a lovely matching rose gold bangle with â€œá´…á´€É´Éªá´‡ÊŸ á´¡á´‡ÊŸÊŸÉªÉ´É¢á´›á´É´â€ engraved on it. (Bracelet is my own) Actually I havenâ€™t took the bangle off since I took this picture... Iâ€™ve been wearing it to sleep/shower etc and itâ€™s super comfortable! ğŸ˜±
.
If you are will searching for a good gift idea, this set comes with a lovely box and beautiful card for you to write your well wishes on! Itâ€™s a really nice gift set!
.
Head over to danielwellington.com  to create your own personalized gift and enjoy 10% off. â˜ºï¸ Donâ€™t forget to use my code â€œXIAXUEâ€ to enjoy an extra 15% off and free shipping. Do purchase before 22nd Dec, and you can receive it by Christmas day!
.
#danielwellington #dwinsg #sp"
17,https://www.instagram.com/p/Bcy_s5-HWrA/?taken-by=xiaxue,My gorgeous Xmas nails ğŸ˜šâœ¨â„ï¸ That little snow globe is too cute! Love this set thank you so much @glitzyfingers!
18,https://www.instagram.com/p/Bcwm-RtHrsm/?taken-by=xiaxue,You guys requested for #dash2point0 so here he is â˜ºï¸ #fatbaby
19,https://www.instagram.com/p/BcwPcfxnNwB/?taken-by=xiaxue,ğŸ‘¨â€ğŸ‘¦
20,https://www.instagram.com/p/BcpI0WeHPYC/?taken-by=xiaxue,"(Contest below!) Iâ€™m sure most of you have seen the bubble tea mania that has taken over Singapore! Thereâ€™s so many brands now, both old and new, and I LOVEEEEEE bubble tea so Iâ€™m super excited that Oh Cha Cha, a famous Taiwanese tea brand, is going to be opening their first outlet at Northpoint #01-01 this Saturday! ğŸ˜Œ
.
Went for my tasting session and I am in love with one of their star product, the Jin Xuan Oolong Cheese Tea! ğŸ§€ Oh Cha Cha is the ORIGINAL creator of the Cheese Tea and theyâ€™ve perfected the entire experience over almost a decade, from the cheese-to-tea ratio and the optimal way to drink the tea! ğŸ˜± To me, the cheese taste isnâ€™t overwhelming, itâ€™s a little like salted caramel cream! They take the quality and experience so seriously that each tea is only brewed once so ensure the fragrance of each leaf is emphasised.
.
When you are a tea lover like I am (I donâ€™t really drink coffee), there are many places to taste artisan western tea but it's harder to find Artisan eastern tea! And now you can at @ohchachasg because other than their star product which is their cheese topping, they also have top quality Chinese teas (with optional toppings according to your preference)!
.
Oh Cha Cha will be selling their top-selling Jin Xuan Oolong Cheese Tea for $1 ONLY (OMG ğŸ˜±) on this Saturday & Sunday (16 - 17 December). Talk about a good deal!
.
AND AND AND GUESS WHAT? Head down to their store, snap a photo on ig and hashtag #ohchachasg for your chance to win a ticket to Bruno Mars 24K Magic Tour Concert!
.
#sp #ohchachasg"
21,https://www.instagram.com/p/Bcms4P0nzTG/?taken-by=xiaxue,"My plastic surgery recovery vlog is up on my channel now!! How did Dash react and is it painful to remove stitches? Click on the link on my bio or go here to watch now to find out!

https://youtu.be/9rxw9yozNoA"
22,https://www.instagram.com/p/BckrzfbnPzd/?taken-by=xiaxue,The puff discovers earphones for the first time ğŸ˜„
23,https://www.instagram.com/p/Bcj4soAHTfH/?taken-by=xiaxue,"Look what just came in the mail!! ğŸ Thank you TMall for the adorable Santa Box! If you missed the crazy 11.11 sale event, youâ€™ll be happy to know that another HUGE sale is coming on 12.12!! ğŸ˜± Only when you shop direct will you be able to enjoy the following savings:
.
- Shopping coupons across different categories
- Shop vouchers up for grabs
- Sea Shipping discount
- Credit card promotions
.
Guess what, Taobaoâ€™s Sea Shipping supports large items including freaking sofas, dining tables... even beds! Itâ€™s crazy!
.
In my Santa Box my fav has to be this NoTime Vacuum Blackhead Remover! I canâ€™t believe it actually worked!! Love the MoMoUp Makeup Brush Dry Cleaner too coz itâ€™s super fuss free, you can use it while you are running late! Go to the link and shop now: https://1212.tmall.com/?wh_weex=true?scm=20140651.705.46.1
.
#Taobao1212
#å¤©çŒ«åœ£è¯ç¤¼ç›’
#TmallSantaBox
#Double12DoubleSurprise
#sp"
24,https://www.instagram.com/p/Bci1UzAn85c/?taken-by=xiaxue,"Welp, #dash2point0 wonâ€™t stop whining ğŸ™‰"
25,https://www.instagram.com/p/BcfOXIvniSk/?taken-by=xiaxue,"My lover in this photo is engaged to someone else... ğŸ˜­ We were so happy, pretending to race towards that beautiful giant Christmas tree at Universal Studios Japan, in mockery of instagramâ€™s #followmeto couples.... ğŸ˜¢ You held my hand and laughed, and that moment felt like forever... probably because my extremities were frozen solid. And now... you belong to another. You betrayed me @mongabong ğŸ˜­ Fine enjoy the rest of your life with your giant diamond ring and @matthiashaha ğŸ˜‚ğŸ˜‚ Everyone go congratulate @mongabong on her proposal! ğŸ’
.
Picture taken during our media trip with @kkdaysg and @universalstudiosjapan!"
26,https://www.instagram.com/p/BcfD7ZEnD2g/?taken-by=xiaxue,Day 15 after surgery but itâ€™s still edited a bit so donâ€™t trust the photo lol
27,https://www.instagram.com/p/BcR8qPaBl5w/?taken-by=xiaxue,"Having a forthy cup of butter beer ğŸ» in front of the Hogwarts castle! In case you are wondering how it tastes like, it's SUPER DELICIOUS! The foam tastes like creamy salted caramel and the fizzy drink is refreshing (a bit like cream soda) but not too sweet. The recipe actually contains butter and it's only available in four places in the world, Universal Studios Japan being one of them. AND YOU CAN KEEP THE CUP! ğŸº This is my second time in Universal Studios Japan and this time round I'm here in winter so the experience is totally different - everything is decorated for Christmas and it's soooooo beautiful! Of course I'm a super Harry Potter fan so I'm super excited!!! Thank you @kkdaysg  and Universal Studios Japan for the media tour. It's a truly beautiful experience that I won't ever forget â˜ºï¸â„ï¸ Click on this link to book your own Universal Studios Japan via @kkdaysg - hassle free and no queuing required!"
28,https://www.instagram.com/p/BcNFgqPBsQl/?taken-by=xiaxue,Ahhh ğŸ’© Leave a ğŸ™‹ğŸ»â€â™€ï¸ comment if you surf ig while pooping ğŸ˜‚
29,https://www.instagram.com/p/BcJW7ydhLhL/?taken-by=xiaxue,"TREAT YOSELF THIS CHRISTMAS AND GET RID OF YOUR UNWANTED HAIR TROUBLES!! @datsumolabosg is freaking 50% OFF till 25th December!!!! ğŸ˜±ğŸ˜±ğŸ˜± What are you waiting for? ğŸ¤© Let 2018 consist of no more shaving of da pits!! How does that feel like anyway ah, I havenâ€™t shaved my armpits since 2 years ago ğŸ˜‚ Kinda forgot the pain of it all
.
Quote â€œXIAXUEâ€ and get
up to $200 worth of freebies OR Extra 5% OFF this Christmas! Donâ€™t say boh jio!
.
Obviously a sponsored post please do not unfollow I need to feed my child"
30,https://www.instagram.com/p/BcHW6HMhVZD/?taken-by=xiaxue,"A week ago I just did my eyes and nose... Yes again!!! ğŸ”ªğŸ˜ŠğŸ’‰ And the crew of Guide to Life was right in the operating theatre with me, filming the entire procedure! If you always wanted to see how eyelid/nose surgery is like, you have to go watch the rare footage now on @clicknetwork... itâ€™s not often you can see surgery in action! Itâ€™s super gory though warn you first - no blood or anything but my nose and eyelids do get cut open. ğŸ˜± If you want to find out why Iâ€™m doing plastic surgery again, how the process goes or see how I look like after, go download the clicknetwork app, or click on the link on my bio to watch now! â˜ºï¸ https://youtu.be/G6QTfALTvYE
.
Ps: this is actually day 8 after my surgery... Yes those are stitches on my eyes and under my nose. I also have stitches in my ear where the cartilage was harvested. I am super pleased with the results. ğŸ˜Š You guys want me to do a LIVE session tonight to answer plastic surgery questions?
.
Pps: Thanks but no thanks for the unsolicited â€œyou should love yourselfâ€ advice Iâ€™m bound to get. Save your breath, obviously I love myself, why else would I want to improve myself? You donâ€™t hang a nice painting in a shithole of a house, you only make improvements to something that you already like. To me plastic surgery is like getting a degree. Itâ€™s just whether you improve your brain or your appearance - both are more likely than not to improve your life. Plastic surgery isnâ€™t any different from getting braces for crooked teeth, or putting on double eyelid stickers everyday. And no Iâ€™m not in pain AT ALL. People are just salty when they see you improve yourself and they are staying stagnant. ğŸ’ğŸ¼â€â™€ï¸"
31,https://www.instagram.com/p/BcEjjlOh6TE/?taken-by=xiaxue,"Thank you everyone for the well wishes! ğŸ’ Phew, it has been a whirlwind week! Dealing with the press I tell you! Yes he proposed! Iâ€™m going to be a princess I will literally have an emoji for me! ğŸ‘¸ğŸ¼ Hehe!! Well some of you asked how the proposal went... ok we were at Windex castle or whatever and he just went down on one knee and I was like ğŸ˜± OMG this is it all my bjs finally paid off and he was just like Will you marry me? And I was like YES!!!! Then his stupid security guard kicked me a bit and I was like I MEAN YES YOUR ROYAL HIGHNESS. And he gave me the ring oh god the diamond is so big but mostly old you know like itâ€™s passed down a dozen dead duchesses probably. A bit ew if you think about it but itâ€™s got histrionics I think. As he is wearing the ring on me I admit I was just fantasizing about our wedding and Iâ€™m just hoping he wonâ€™t go bald anytime before the wedding thatâ€™s just awful why wonâ€™t William just cover his head with his hat the entire time? ğŸ˜° Hats! What hats will I wear? Anyways... Iâ€™m so filled with joy canâ€™t believe I found the love of my life and am gonna spend the rest of my life with him! It feels just like yesterday that Prince Harry, my Prince Harry, came up to me and said he has yellow fever and loves Japanese girls. I said Iâ€™m not Japanese but I can pretend to be and he said go on then so I said Konnichiwa! Sugiru! Itai! and he said thatâ€™s good enough and we have become soulmates ever since. I know I know gingers have no souls hey thatâ€™s not scientifically proven ok? Toodles Iâ€™ve got to go take a barrage of fertility tests now Kate keeps showing off how her eggs are perfect and her womb is entirely symmetrical feel like kicking her
.
Ps yes haha itâ€™s red hair there too my bjs are on fire! ğŸ”¥"
32,https://www.instagram.com/p/BcB_nd3BVFR/?taken-by=xiaxue,#dash2point0 getting tickled with his gummy smile â˜ºï¸ Apologies for my annoying voice ğŸ˜³
33,https://www.instagram.com/p/Bb_xjpRBH8U/?taken-by=xiaxue,ğŸ™‹ğŸ»â€â™‚ï¸ Yes?
34,https://www.instagram.com/p/Bb80LWXB9m6/?taken-by=xiaxue,Well the memo was to wear bling so I took the memo very seriously ğŸ˜‚ğŸ’âœ¨ Thank you @charis_official for the super memorable last night of our trip ğŸŒ¹
35,https://www.instagram.com/p/Bb7LewoBcCX/?taken-by=xiaxue,Freaking cute cannot deal with it!!! ğŸ¦‰
36,https://www.instagram.com/p/Bb6IIjShRVB/?taken-by=xiaxue,So @charis_official brought us to this Plastic Fantastic museum and I was so excited coz I thought it was about plastic surgery but it turns out it's about actual plastic ğŸ˜¡ #cheated ok lah actually it's really pretty exhibitions but next time I wanna see some implants! Still... it's nice to pose next to the motto of my life: PLASTIC FANTASTIC!
37,https://www.instagram.com/p/Bb4ri2OHwBn/?taken-by=xiaxue,The lens didn't open fully so there are two black bars but I think they work for the artistic shot ğŸ˜‚ Auntie working at Sukiya likes Dash â˜ºï¸ (Anyhow tag a Japanese location lol)
38,https://www.instagram.com/p/Bb4VcAwHamj/?taken-by=xiaxue,Impossible to resist kissing him ğŸ˜˜ especially when the wobbly cheeks are cold!
39,https://www.instagram.com/p/Bb0w0sunle3/?taken-by=xiaxue,"Took a selfie with the Google Pixel XL's portrait mode at a Korean Cafe while waiting for my milk tea! The quality is so insane for a front camera! Wearing the #charisceleb winter coat that @charis_official so kindly provided for us so we all don't freeze to death. â„ï¸ oh and I bought my sunglasses from F21, super love it!"
40,https://www.instagram.com/p/BbvOPLYn7g7/?taken-by=xiaxue,"[GIVEAWAY BELOW] Thank you @aimelabsg for sending me these super adorable liquid glitter brushes! Yes they have little sparkly hearts inside the brush stems! It will definitely be one of the cutest brush sets you'll ever own ğŸ˜
.
The set comes with 7 beautiful ombre baby blue/baby pink brushes and a matching lightweight heart sequin pouch. If you had wanted the similar Lime Crime set, this is the perfect dupe, selling at $32.90 (vs $$78). Bristle quality is great too, very soft and dense. Plus you get 10% off your purchase when you quote ""Xiaxueâ€!
.
Love the brushes? Well good news! I will be giving away two sets of these super adorable liquid glitter brushes away!! All you have to do is to like this photo and tag 2 friends in the comments below and have everyone follow both @aimelabsg and me. ğŸ˜Š I will choose whoever tells me the funniest joke. ğŸ˜‚ Winner will be announced here on 24th Nov!
.
#sp #aimelabsg
.
Ps: Congrats @viviancheahyc you are the winner! Please email me at xiaxue@gmail.com so I can let you know how to collect your prize! ğŸ˜Š I love your joke ğŸ˜‚ thank you everyone else for participating! I think we all had a good time reading this comment section ğŸ˜‚ğŸ˜‚ğŸ˜‚"
41,https://www.instagram.com/p/Bbrnt9hn_oP/?taken-by=xiaxue,"Somebody *really* doesn't like taking photos ğŸ˜‚ he looks so freaking cute in his trenchcoat ğŸ˜ $20 from taobao ok! Good material with fake Burberry print inside ğŸ˜‚ $9 his boots also from taobao!! So are my boots lol taobao is the best shit ever ğŸ˜…
.
Having a great time in Osaka with my mom and Dash but I haven't had time to update my ig coz this trip my hands are all full from mom-ing ğŸ¤·ğŸ¼â€â™€ï¸"
42,https://www.instagram.com/p/BblPeOtniQI/?taken-by=xiaxue,"Strangely mesmerizing â˜ºï¸ Look at his little turtle beak ğŸ¢ğŸ˜‚
. 
The app is Plotagraph but it's SGD$6.98 so you cheapos sure won't pay for it one ğŸ˜‚ğŸ˜‚ğŸ˜‚"
43,https://www.instagram.com/p/BbjmkfJHw61/?taken-by=xiaxue,"Well if you can only save one ğŸ¤·ğŸ¼â€â™€ï¸ğŸ˜‚ Sorry #dash2point0 .
Some of you have asked how I do these crazy #dash2point0 pictures... actually they aren't that difficult, I used the photoshop mix app to do that - yes on my iPhone! The trick is to find two photos that are easy to meld together... which is really hard because Baby Dash pictures are finite! I've included the two original photos. You can also marvel at how I edited my face lol"
44,https://www.instagram.com/p/Bbi6SmPnEyg/?taken-by=xiaxue,"[Amazing offer below] Doesn't this alien-looking Infrared Therapy machine looks like it's doing a good job cleaning up the gunk in my scalp? â˜ºï¸ After bleaching, my scalp is always super dry and sometimes even injured, resulting in flakes and dandruff ğŸ˜ª Luckily I have @tktrichokare!
.
I am back at @TkTrichokare for some major pampering session this time round - Intensive Hair Regeneration Treatment which helps to accelerate cell regeneration, infuse hair with proteins to promote hair growth and control hair fall ğŸ’†ğŸ» I can't wait for my scalp to suck up all of the goodness from the premium European herbs so it's squeaky clean again!
.
Iâ€™m always impressed by the results after a pampering 2 hr hair session, because they do a scan for me so I can see for myself! Don't just judge from my pictures, you can go and experience it for yourself. ğŸ˜‰ Enjoy this Award-winning Intensive Hair Regeneration Treatment @ $42 NETT ğŸ˜±including HairGRO Ampoule + Hair Care Kit (U.P. $745), walk away from your existing scalp problems and welcome clean healthy scalp! ğŸ’‹ Book now: tk-hair.com/xxnov/ it's such a super good price!
.
#sp"
45,https://www.instagram.com/p/BbhPj-kHtxl/?taken-by=xiaxue,Easier to force kiss the smaller one coz he doesn't have that much strength to push you away ğŸ˜‚ #dash2point0 is growing up so fast huh? Tag your friends who didn't know I had a second child ğŸ˜‰
46,https://www.instagram.com/p/BbhItWJHY64/?taken-by=xiaxue,So apparently I'm on tv (channel U) right now which reminded me I had this photo with @elvinngchoonsiong taken that day and should post it but by the time I finished editing the photo the show is almost over already lol... anyway there is still 15 mins left go watch!! ğŸ˜‚
47,https://www.instagram.com/p/BbentrtnenG/?taken-by=xiaxue,This looks strangely avant-garde until you zoom in and see the mucus ğŸ˜‚
48,https://www.instagram.com/p/Bbb41QwHPFo/?taken-by=xiaxue,"It was my first time at Lotte World! The autumn leaves there are so gorgeous ğŸ˜ @mongabong really looks like she walked out of a K drama wtf
.
#lotteworld #lotteworldadventure #charisceleb #beautifuljourney #lotteworldthemepark #magicisland #seoul"
49,https://www.instagram.com/p/BbbXr4ZHKaN/?taken-by=xiaxue,ğŸ¦„ @charis_official brought us to the cutest cafe ğŸ˜ Thank you @nobluk @nobluklens for the pretty blue contacts!
50,https://www.instagram.com/p/BbZkl9jHdvV/?taken-by=xiaxue,Thank you @projectmichi this is so adorable! â˜ºï¸ (I added a filter)
51,https://www.instagram.com/p/BbRr8dnHtec/?taken-by=xiaxue,"(UPDATE: @realericnam LIKED THIS PHOTO ğŸ˜±) OMG!!! Can't believe @charis_official invited @realericnam to our party! The girls all going crazy! Managed to squeeze in a selfie before his manager shooed me away and he left ğŸ˜ @mongabong super jealous coz her selfie turned out blur hahaha ğŸ˜‚ if you are a fan you can watch my IG Live... Full performance there but be warned, a lot of girls screaming ğŸ¤£"
52,https://www.instagram.com/p/BbMmGxMnOR1/?taken-by=xiaxue,Happy to be reunited with some of the beauty influencers @charis_official also invited the last time round... And meet so many new ones! It's been so much fun! Went shopping at Lotte Duty Free today ğŸ˜ Missed you @ms_kuan! (Pic taken with Google Pixel XL 2 wtf I'm increasingly impressed with the camera ğŸ˜²)
53,https://www.instagram.com/p/BbLulmnnO5N/?taken-by=xiaxue,"I know it's so uncool to be so excited about a PRAM but look at this wonder!! ğŸ˜ğŸ˜ğŸ˜ Got this amazing GB Pockit Stroller from Tmall (taobao).... Everyone knows Taobao is where you can get the MOST ridiculous deals but 11.11 (11th Nov) is the one day when the sales go INSANE! ğŸ˜± It's like China's version of Black Friday! The latest Pockit Stroller model is only RMB 1,799 (SGD 370), discounted from the original price of RMB 3,999 (SGD 822). ğŸ˜±ğŸ˜±
.
Dash is already 4.5 years old and he doesn't usually use a pram but I still keep mine in my car just in case we need to walk somewhere far... and honestly I love my old stroller and it has served me really well over the years plus it is actually one of the smaller ones, but the size disparity is so big! ğŸ˜± The Pockit stroller isn't so suitable for newborns (can't lie completely flat and not as steady) but it's great for toddlers especially for travelling! I'm bringing Dash to Osaka and Universal Studios Japan soon so I'm definitely bringing it - and putting it in the overhead luggage compartment! Go to Tmall now to get your awesome 11.11 deals!
.
#happy1111 #taobao #biggestOneDaySale #ShopForHappiness #my1111 #sp
.
Ps: people have requested for the Tmall link, here it is: http://bit.ly/2j5kpqH"
54,https://www.instagram.com/p/BbLn0bOH1kx/?taken-by=xiaxue,Day 2 and we are at Lotte World! @charis_official (pic taken with Google Pixel XL 2)
55,https://www.instagram.com/p/BbKRyKWHLKJ/?taken-by=xiaxue,"Arrived in Seoul for @charis_official with 100 other beauty influencers ğŸ˜Š So excited to officially start our Charis adventures tomorrow! ğŸ˜† Comfy bathrobe selfie taken with my new Google Pixel XL 2 in Portrait mode! Its background blurring software is so good!!! Really looks like DSLR photos, even in low light!"
56,https://www.instagram.com/p/BbGtqQ2nmXY/?taken-by=xiaxue,Little trailer for my @bifestasg challenge with @carriewst!! We challenge each other to selling Bifesta products... WHO WILL WIN? ğŸ’ªğŸ» Have you guys watched it yet? Click on the link on my bio to watch now â˜ºï¸
57,https://www.instagram.com/p/BbCUsh6HAF-/?taken-by=xiaxue,Sorry you can't have any yet #dash2point0 ğŸ¤·ğŸ¼â€â™€ï¸
58,https://www.instagram.com/p/BbB1YdtnGUu/?taken-by=xiaxue,"Throwback to the Halloween that I dressed up as ""Lactating Mom"" #ğŸˆğŸˆ"
59,https://www.instagram.com/p/BbAH-K1HuiE/?taken-by=xiaxue,Found this little Halloween video from 2013 ğŸ˜ Pardon my stupid noises babies laugh at the weirdest nonsense ğŸ˜‚ #dash2point0 ps the double chin is super soft and very pinchable ğŸ˜
60,https://www.instagram.com/p/Ba9X8JDn5AA/?taken-by=xiaxue,"""How can I swim over to you when this #Dash2point0 is in my way?"" - Dash 1.0

My freaking photoshop skills and crazy imagination on point ğŸ˜‚"
61,https://www.instagram.com/p/Ba9Q2leHD1Q/?taken-by=xiaxue,"Girl Gang X

@arissa___x @xarissaxcheox"
62,https://www.instagram.com/p/Ba8firVHBZA/?taken-by=xiaxue,"Backstage with the annoyingly perf @yoyokulala âœŒğŸ»bought her flowers and she barely walked out on the runway after her @exhibitstore show, so shy ğŸ˜‚ #sfw2017"
63,https://www.instagram.com/p/Ba6DjO-htUC/?taken-by=xiaxue,Happy Halloween from #dash2point0! ğŸ‘»ğŸƒ Swipe left to see the pot belly ğŸ˜‚ #pumpkinDash
64,https://www.instagram.com/p/Ba1r6YAnI3M/?taken-by=xiaxue,Wow this Xiaxue costume is ğŸ”¥ #dash2point0
65,https://www.instagram.com/p/BazC12PHCht/?taken-by=xiaxue,"@ireneisgood opening the show for @exhibitstore... So proud of @yoyokulala and the @exhibitstore collection tonight at #sfw2017!! Every piece is so beautiful ğŸ˜ I'm in love!! My favourite is the foam green gown ğŸ˜ğŸ˜ğŸ˜ it's so floaty and ethereal ğŸƒWhich one is your favourite piece? (Sorry for shitty iPhone video, doesn't do the clothes justice)"
66,https://www.instagram.com/p/Bay8r-fHCAM/?taken-by=xiaxue,"Wearing @arissa___x today for #sfw2017... blasÃ© hoodie, skirt available on http://arissa-x.com, Cross my Heart earrings sold out pester @xarissaxcheox for a restock ğŸ˜„"
67,https://www.instagram.com/p/BaqqGXynC0R/?taken-by=xiaxue,They both can't sit properly ğŸ˜‚ #dash2point0 the cheeks so heavy until it join the mouth to form one line ğŸ˜
68,https://www.instagram.com/p/BaqkoM7H3m6/?taken-by=xiaxue,"""I warn you ah stop superimposing pictures of me on me!!"" ğŸ‘†ğŸ» Too late I'm addicted Dash it's damn trippy I super love it!! ğŸ˜‚ğŸ˜‚ Swipe left to see the cutest little menacing finger ğŸ¤£ Actually he was just showing me number 1 lol"
69,https://www.instagram.com/p/Bao3-QaHkKA/?taken-by=xiaxue,"Lots of parents say they love their children equally... but I think they know in their heart they do have a favourite. Only I can unequivocally say I love these two exactly the same amount. No more, no less. ğŸ˜‚ğŸ˜‚ #itstrue #dash2point0"
70,https://www.instagram.com/p/BamTBNznV_8/?taken-by=xiaxue,"Thank you everyone for your well wishes!!! Dash 1.0 isn't too happy with the new baby.... ğŸ˜© Well too bad, Dash 2.0 is here to stay ğŸ˜‚
.
Ok I spent way too much time photoshopping this hahaha... including cutting and pasting his hand for extra heart wrenching effect ğŸ˜‚ actually he was holding a table lol!!! See see under the fingers got shadows somemore so it's more realistic ok ğŸ˜‚ #æˆ‘ç–¯äº† #dash2point0 (confused? See previous picture)"
71,https://www.instagram.com/p/Bal67VKnbxE/?taken-by=xiaxue,"I have a brilliant idea ok hear me out ğŸ˜‚ So when I tell people I have instacancer they always jokingly say go have another kid lol ğŸ‘¶ğŸ»
Not that instagram followers should matter that much or having them should be the sole purpose of having a kid of course (God forbid people do that).... but it hit me...ğŸ’¡I DON'T NEED TO HAVE ANOTHER KID. I JUST NEED TO *LOOK* LIKE I HAVE ANOTHER KID. I have over 20,000 photos and videos of Dash, and I barely posted 5% of that. ğŸ˜‚ I have enough to do another round of Dash pics from birth!! Hahahaha!!!
.
So I'll just post Dash 2.0 which is just old pics of Dash lol!! ğŸ˜‚ What do you think of my plan? I'm quite excited coz BABY DASH IS SO CUTE! #æˆ‘ç–¯äº† I think I might just be finding excuses to post more BB Dash photos ğŸ˜‚ .
Ok so here it is... photo of Dash 2.0, our newborn! He was born with stormy blue eyes... and yes Mt Elizabeth is very progressive they using pink wraps on both boys and girls. What should we name him? ğŸ˜‚ #dash2point0"
72,https://www.instagram.com/p/Bal2tBjnNhJ/?taken-by=xiaxue,"It's 2017 what are you still doing shaving/waxing unwanted hair?? ğŸ™…ğŸ¼ Say goodbye to shaving your legs/armpits (I no longer use razors ğŸ˜) with @datsumolabosg!! .
Datsumo Labo provides professional IPL service at a really really affordable price - and they are one of the top permanent hair removal brands in Japan so they are very professional! Using state of the art equipment and their unique gel, the procedure is super effective, painless (really) and leaves you with skin that's super moisturized and smooth! â˜ºï¸ Trust me I'm super hairy - sorry was super hairy - and I tried EVERYTHING! IPL is a game changer and I just wish I did it earlier instead of having so many painful, expensive waxing sessions or ingrown hairs with shaving!
.
Want to give them a try? Good news... Datsumo Halloween Promo is now on!! You get 31% off!! ğŸ˜± Offer ends on the 31st October. Quote XIAXUE for an extra 10% off (instead of the usual 5%!) Quickly!
.
Follow @datsumolabosg for more information and updates on promotions! #datsumolabo #sp #datsumolabosg"
73,https://www.instagram.com/p/BahAGzgHBJY/?taken-by=xiaxue,#throwbackDash when he looked like a little hammie ğŸ˜ #cutestbabyoninstagram
74,https://www.instagram.com/p/Bae6RBMHPX4/?taken-by=xiaxue,SOUND ON ğŸ”ˆThrowback to when Dash really really proved he loves his mama!!! Hahaha... Watch till the end for a surprise! ğŸ˜‚
75,https://www.instagram.com/p/BabywMTH9IK/?taken-by=xiaxue,"A little belated but Happy Deepavali everyone! ğŸ˜Š Outfit not ironed because Dash is wearing it to school tomorrow so I put it on him tonight to test the fitting. It's the school that asked the kids to wear a traditional Indian outfit for #deepavali celebration but as I put the outfit on Dash I couldn't help but think... is this Cultural Appropriation? Will I get scolded again? Then I realized I was being stupid... We live in Singapore and we don't indulge in American SJW nonsense like that. It actually does nothing but divide people into tribal groups and mask it under so called ""sensitivity"". It's cultural APPRECIATION not appropriation. Guess who didn't want their country and culture shared? NAZIS. So to all my Indian followers - hope you guys had a great day celebrating the Festival of Light ğŸ•¯ğŸ˜Š"
76,https://www.instagram.com/p/BaYay1OBaco/?taken-by=xiaxue,"New YouTube Halloween tutorial coming up soon ğŸ˜‚ I've always wanted to dress up as a #sailormoon ğŸŒ™ character so I figured I'll quickly do it before I get any older lol!! Here I am as #chibimoon or #chibiusa since I already have pink hair ğŸ˜‚ Btw that's not a wig, that's my real hair. Which is your favourite Sailor Moon character? Mine was #SailorJupiter when I was growing up! Least favourite #SailorMercury because short hair and eww blue.
.
#sailormooncosplay #sailorvenus #sailormars #halloween #halloweencostume #sailormoonhalloween #sailorchibimoon #sailorchibiusa #sailorpluto #sailorsaturn #sailorneptune"
77,https://www.instagram.com/p/BaUKUB4n5K9/?taken-by=xiaxue,Ran to the swing and sat on it like this ğŸ˜‚ #okyoumaypushmenow
78,https://www.instagram.com/p/BaSh2EQhZH8/?taken-by=xiaxue,Hello gorgeous ğŸ˜ #MOSCHINOLITTLEPONY
79,https://www.instagram.com/p/BaRpYJkhaf6/?taken-by=xiaxue,New nails to match the new baby!!! ğŸ˜ğŸ¦„ #soinlove Omg this bag... it's too adorable to be true!! ğŸ˜­ I'm going crazy coz @moschino did a #MOSCHINOLITTLEPONY collection and then @colourpopcosmetics also did a #colourpopxmylittlepony collection!! ğŸ˜± SHUT UP AND TAKE MY MONEY ğŸ’°@glitzyfingers hand painted this set of nails for me omg!! Insane right it's damn cute!! ğŸ˜
80,https://www.instagram.com/p/BaO6-lfnSd9/?taken-by=xiaxue,"(GIANT GIVEAWAY) Halloween is coming soon! ğŸƒ Dolly Wink is having a Halloween Party at Scape Treetop on 21st of October, 4-9pm where participants will be the FIRST to see the new launch items there! I will be there too so please come and support, it will be very fun I promise! ğŸ˜†
.
More event info here: http://bit.do/dollywinkhalloween
.
There is a registration fee of $18 but you will receive a Halloween goodie bag worth more than $40! There will be Halloween themed games (a haunted house!) + tons of prizes to be wonâ€¦ INCLUDING $800 WORTH OF TRAVEL VOUCHERS FOR THE BEST DRESSED!! The place is air conditioned so come dressed outrageously!
.
I created this quick Anna (Frozen) look with Dolly Winkâ€™s new launches! â„ï¸ As you guys know I love Dolly Wink especially their lashes, mascara and eyeliners - and they have NEW 3D lashes + super waterproof liquid and GEL eyeliners!
.
Iâ€™m also giving away a hamper worth $100 ğŸ˜±ğŸ˜±ğŸ˜± from Dollywink for a lucky winner reading this! Comment and simply tag 3 friends you want to go with and tell them why!
.
3D falsies are all the rage now! The difference with 3D lashes is that when you look at the lashes from the side, the lashes donâ€™t look uniform and flat, but instead each individual lash has a different curvature, resulting in more natural-looking lashes!
.
Other than the 3D lashes, Iâ€™m using Lash 29 in Pure Dolly, which has a solid core(the lash band). The solid cores will help single eyelids become double eyelids by supporting the eyelids!! ğŸ˜±
.
I LOVE their new gel liners too! Iâ€™m using black on top lids and brown on bottom. The gel liners are water-proof, smudge-proof, super easy to draw and WOW ARE THE COLOURS INTENSE - the black is super black!
.
The liquid eyeliners also come in black and brown. I actually used the brown one to draw my Anna freckles on! They are super waterproof and will stay on despite sweat, tears, or sebum.
.
#sp #dollywink"
81,https://www.instagram.com/p/BaEY6s7BUvE/?taken-by=xiaxue,Fluffy
82,https://www.instagram.com/p/BaBHv8TBI4C/?taken-by=xiaxue,Ok very late posting this but one of the cutesttttttt and most wholesome Guide to Life episodes is out on @clicknetwork!! Yes it's the REAL ELMO!!! In Singapore!! Download the @clicknetwork app or go to http://clicknetwork.tv now to watch!
83,https://www.instagram.com/p/BZx_XU1BAhp/?taken-by=xiaxue,è¿™æ ·è€å¸…æ˜¯æƒ³æ€æ ·
84,https://www.instagram.com/p/BZv86zlBS-Z/?taken-by=xiaxue,"Find a guy who looks at you the way Dash looks at the mechanical toilet door at Changi City Point ğŸ˜‚ The toilet door does ""WARNING! DOOR OPENING!"" with a dramatic loud voice everytime he presses the button and he is super in love with it. ğŸ¤¦ğŸ¼â€â™€ï¸ To see exactly how in love, swipe right ğŸ˜ª #geek #likehisdad"
85,https://www.instagram.com/p/BZrBcWuhgOM/?taken-by=xiaxue,"Car red light selfie ğŸ¤³ Taken with Snapchat which I probably haven't opened in months... I forgot how much I love snapchat's filters. ğŸ˜­ Among my many grievances for IG is that IG killed Snapchat, a social media platform that I genuinely liked so much. ğŸ˜­ I'm sorry but IG stories just isn't the same. ğŸ™„ Maybe I should go back on Snapchat even though no Singaporeans are on it anymore... ğŸ¤” Just coz I like it! But sigh need to post on so many different places... very stressful and confusing!"
86,https://www.instagram.com/p/BZqzOG_BJ24/?taken-by=xiaxue,"Oh no @reebonzsg look what you made me do ğŸ˜­ New Balenciaga Papier tote in gunmetal grey... I'm so in love with it because it's so freaking lightweight - good for old people like me with aching shoulders. ğŸ˜‚ And it's super soft and roomy and the grey goes with any outfit casual to formal!! And you can sling it or carry it on your shoulder or on your arm nook and it's expendable and got mirror lol v convenient ğŸ˜ Ok I'm done gushing about my new baby ğŸ˜… How ah I want it in all colours ğŸ˜…ğŸ˜…ğŸ˜…
.
Photo is taken by @mikesayre and it's a legit candid accidental shot wtf but look like those act yi ge IG shot ğŸ‘ğŸ»ğŸ‘ğŸ»ğŸ‘ğŸ» #notbadmike My trench dress is from a blogshop but I forgot which one. If you guys know can you tell me in the comments?"
87,https://www.instagram.com/p/BZm4x7Ph4eb/?taken-by=xiaxue,Dash's face is this emoji exactly ğŸ˜©ğŸ˜©ğŸ˜© Ahahaha he was so angry because he really wanted to blow out the candles (not your birthday kiddo!) and we didn't let him do it before he sang his daddy a birthday song. So he sang it most begrudgingly ğŸ˜‚ğŸ˜‚ Happy belated birthday to my husband whom I don't appreciate enough ğŸ˜˜
88,https://www.instagram.com/p/BZlFmgPBYh-/?taken-by=xiaxue,"The hosts at @clicknetwork's 10th anniversary party!!! ğŸ‰ I love you @munkysuperstar please continue to do GTL till I'm a grandma ok ğŸ˜­ I think I said sufficiently mushy stuff when @clicknetwork hit 1 million subscribers so I'll try to restrain myself right now but I'll just say I really, really don't know what my life would be like without Guide to Life and without Gillian, it's so intrinsically tied to me ğŸ˜­ #grateful it has been 10 years in the blink of an eye, and it has been so much fun. Crazy!
.
Now to answer the question you all want to know... Yes that's Qiu. Yes we met each other at the party. Yes it was boring and civil like how you expect adults to behave. No there was no yanking of hair (extensions) or cat fights. Don't think we will do that coz both plastic better not punch delicate stuff, took many hours in the theatre to perfect one ok ğŸ˜‚ I mean we kinda talked things out after the saga a few days ago so things are... ok now. ğŸ˜³ that's all I'm saying to satisfy your kpo-ness"
89,https://www.instagram.com/p/BZjOqdxhx97/?taken-by=xiaxue,Sun Ho made an appearance at the @clicknetwork 10th anniversary party! ğŸ˜‚ #inanananakillbill Like if you prefer Sun Ho Xiaxue to Regular Xiaxue ğŸ˜³ Blocked by @sun___ho cannot tag her oh wait ok I can #looklikehorseisnotacrime
90,https://www.instagram.com/p/BZiUGqBhRxM/?taken-by=xiaxue,Back to regular Dash programming ğŸ˜„ Enjoying his trippy vision ğŸ˜‚
91,https://www.instagram.com/p/BZhKq7yhgHD/?taken-by=xiaxue,"Unbelievable ğŸ˜’ Yesterday, I suppose to let me have a taste of how it feels like to be accused of buying followers, someone very generously bought like 12k(?) new followers for me. I suppose some of these followers are real since the video has gone quite viral in Indonesia (hi new Indo followers!) but cannot be so many omg
.
Ironically this little clip was part of my original recording with @deekosh but didn't make it in (video was too long as it is).
.
So here you go, I actually predicted the future. ğŸ˜‚ And no, this is not some evil mastermind diabolical plan of mine so I can now buy followers and blame it on saboteurs although I must say if I had came up with that it's really smart. ğŸ¤” But no I already made it known to the world I've got stage 3 #instacancer so too late for fake followers now I guess. #notsuretolaughorcry
.
You know I actually wanted to organize an #instacancer deathday party to ironically celebrate hitting 599k but I guess this anonymous donor of fake followers delayed my party for a bit. Ok then. I'll just enjoy my stay at the over 600k club for a bit longer. Since you are so benevolent, why don't you buy me more till I hit 1m? Might as well right? ğŸ˜‚
.
In case you are wondering what's going on, check out my latest viral video by clicking the link on my bio and do subscribe to my YouTube channel, @xiaxue!"
92,https://www.instagram.com/p/BZcOtSJB7sl/?taken-by=xiaxue,"Accurate ğŸ˜ Link on my bio, you can see what the drama is about - if you haven't already watched it"
93,https://www.instagram.com/p/BZYzGXsBqw2/?taken-by=xiaxue,"If you haven't watched my latest video yet you'd definitely want to ğŸ˜ Bitches with fake followers be squirming uncomfortably right now ğŸ˜‚ PLEASE STOP BEING SO BUAY PAISEH PUT ""FOR SPONSORSHIPS EMAIL ME"" ON YOUR PROFILE WHEN ALL YOUR FOLLOWERS ARE FAKE!!
.
Here's a fun game let's play together ğŸ˜ˆ Know anyone with suspicious IG followers that look fake or perhaps looks like they joined a bot system? Tag them here and I will check and verify if it's true via a reply to you. These people are cheating advertisers' money every time they get a sponsorship or an ad so do everyone a favour and ADD THEM TO THE BURN BOOK. Here's an imaginary pen... go ahead and write the names honey. ğŸ–‹ğŸ“–ğŸ”¥ I will start ğŸ™ƒ
.
Video link http://bit.do/socialbladeexpose or click on link on my bio"
94,https://www.instagram.com/p/BZYEONthYDK/?taken-by=xiaxue,"SERVING YOU THE TEA THIS WEEKEND!! â˜•ï¸ â˜•ï¸ â˜•ï¸ Yes it's a new expose!!!!!!!!
.
@deekosh and I go on socialblade and check famous influencers' instagram charts to see if they bought followers - and OMG MANY OF THEM DID!! ğŸ˜±ğŸ˜± Some you will never guess! ğŸ¤¢
.
To find out which ones, go to my YouTube channel to watch now! The video is 22 mins long but hey exposing dishonesty takes some time. ğŸ˜ˆ Especially if you are in advertising or PR, please watch to educate yourself before you pay these so called ""popular"" influencers! Link on bio, people.
.
http://youtube.com/xiaxue
.
#toomuchshade #fakefollowers #socialblade"
95,https://www.instagram.com/p/BZTFIsaBZ7U/?taken-by=xiaxue,"Yay happy day!! Reebonz Mega Spree is here again!
.
I visited the brand new Vivo City Reebonz outlet today, and they have so much new stock - all your favourite brands are here including even Hermes Birkins and Chanels! Not to mention Balenciaga, YSL, Givenchy, Prada, Fendi, Miu Miu etc etc!! Swipe though to see some of my favorites ğŸ˜ğŸ˜ğŸ˜
.
From today to 24th Sept, pop by Reebonzâ€™s stores at VivoCity or Suntec City from 12 to 10pm and enjoy at UP TO 70% OFF STOREWIDE! Yes 70% off! ğŸ˜± Insane!! It's perfect to get that It bag at a steal!
.
I posted a thorough walk-through of all the aisles so you can see for yourself a preview of all the products available! So click on my ig stories to watch. ğŸ˜Š .
Want EVEN MORE discounts?!! Quote â€˜Xiaxueâ€™ at registration for a $100 voucher. Yes $100 off on top of discounts!!! ğŸ˜± T&Cs apply.
.
#reebonzmegasale #sp #reebonz"
96,https://www.instagram.com/p/BZM1vzoBQdt/?taken-by=xiaxue,Don't cheat on a social media influencer because this is how the break up will go... ğŸ˜‚ Last episode is out on #lifespam so check it out on @toggle_sg ğŸ˜‚ @andrewluadj
97,https://www.instagram.com/p/BZLu4Iihris/?taken-by=xiaxue,Pre DI photos from my @8daysmagazine shoot! 100% no photoshop straight from camera roll ğŸ˜ When the photos are in such quick succession machiam I am super pro at posing ğŸ˜‚#iamnot
98,https://www.instagram.com/p/BZHpuwTh2ud/?taken-by=xiaxue,Was told people on instagram like fairy lights... Am I posing with them right? ğŸ˜‚ Very difficult to untangle and hang on the wall so I shall just drape them over my shoulders and strike a sultry pose. ğŸ˜‚ #itried #æ¢¦å¹»boh
99,https://www.instagram.com/p/BZA9UkUhBWF/?taken-by=xiaxue,"Episode 7 of #lifespam is out on @toggle_sg now so if you haven't caught up with it yet, go watch it!! ğŸ˜ So after my wedding night break up what happens? Will Sara and Henry get back together? ğŸ¤” Or will Henry get together with Cindy? ğŸ˜¡ You can finally find out on the season finale of Lifespam which will be out TOMORROW!! ğŸ˜±ğŸ˜±ğŸ˜± It's ending so soon!
.
Remember to catch it on toggle by clicking on this link: http://bit.ly/XiaxueLifeSpam7 .
#ToggleLifeSpam"
100,https://www.instagram.com/p/BY_yonghHoq/?taken-by=xiaxue,"They both did their hair at @athenssalon today ğŸ˜„ Dash had his usual hair cut by @annl777 after his Ah ah dyed her hair ombre blue-purple(?). She geh kiang go and carry him after that whole night put yoko-yoko #ä½ ä»¥ä¸ºä½ è¿˜å¹´è½»å— Dash was pretty well behaved during his cut but he has this naughty habit of pushing his hair flat on his forehead after I put wax for him ğŸ˜¡ I told him do you want to be handsome or ugly and he said handsome so I said your hair stand up is very handsome, you make it flat very ugly. Then he from then on very obsessed with making his fringe stand up and kept tugging it up the whole night ğŸ˜‚ğŸ˜‚ğŸ˜‚"
101,https://www.instagram.com/p/BY8X8-SBwhA/?taken-by=xiaxue,"Need a vacation! ğŸ˜± I miss you, Croatia and @shareistria! ğŸ˜­ Ellen is going for her home leave in Dec so I'm thinking of bringing Dash on a holiday! If any resorts/hotels etc want to do a collaboration please do email me at xiaxue@gmail.com ğŸ˜"
102,https://www.instagram.com/p/BY5s50kh-K-/?taken-by=xiaxue,"A few weeks ago, I visited The Urban Clinic to try out their state of the art technology to improve appearance of skin (Picosure) and body contouring (Sculpsure). .
Picosure targets acne scars, pores, wrinkles, pigmentation and tattoo can be removed safely and painlessly with no downtime. How great is that? And Sculpsure removes stubborn fat with only 1-2 treatments - look at the difference! So happy because those are two areas I really needed help with - recently been getting loads of zits and gaining weight! ğŸ˜
.
The doctor @dryannixu was very meticulous and attentive throughout the treatments. She made everything very comfortable for me! I actually also did some Botox and fillers with her and will show you guys the before and after!
.
If you need any aesthetic treatments, can try out @theurbanclinic - they are very professional so you know you'll be in good hands. â˜ºï¸
.
www.tuc.com.sg
#theurbanclinicsg 
#picosure 
#sculpsure
#sp"
103,https://www.instagram.com/p/BY5m2Ychany/?taken-by=xiaxue,"""Wow I can't wait to be an adult and stuck in morning traffic, contemplating about all the irreversible wrong decisions I've done in life that led to this miserable point in time.""
.
Yeah I'm done adulting for the day lol"
104,https://www.instagram.com/p/BY2qSsGh1er/?taken-by=xiaxue,"Slow clap for instagram it's 2017 forcing me to see ugly people I don't like is against human right laws ok what do you mean by I can unfollow unfollow means war and VERY awkward questions of why did you unfollow me I mean well stop posting photos of your dog's asshole AND YOUR PERFECT HOLIDAY AND YOU BEING THE PERFECT MOM OR YOUR STUPID OOTD YOU KNOW THAT ISN'T REALLY YOUR ASS AND DID YOUR MOTHER BRING YOU UP TO BUY FOLLOWERS YOU ARE DISGUSTING BYE. You know how many friendships I've ruined by unfollowing someone coz I'm ok with them in real life but can't stand their feed? Well ok like 2. You like to cause war instagram?! By not letting us have the mute button you are causing war!!!! ğŸ˜¡ğŸ˜ª oh dear I have a lot of pent up feelings about instagram I should see a therapist ğŸ˜³ #fuckyouinstagram #giveusthemutebutton
.
Ps: Now the neurotic part of me is wondering if my friends who liked this are agreeing coz they want to mute me. ğŸ˜«"
105,https://www.instagram.com/p/BYvm1VzhyrP/?taken-by=xiaxue,"Erm so I had a piece of plastic holding a poster and Dash took it and he said it is a scarf. ğŸ˜‚ Here he is modeling it. Very nice scarf little influencer, I will buy it ğŸ‘ğŸ»"
106,https://www.instagram.com/p/BYtiI66BcgQ/?taken-by=xiaxue,"Find a guy/girl who looks at you the way I look at Dash ğŸ˜‚ Found this old series of candid shots (unedited except a filter on cover pic) taken a while back at @mystylemysong's chalet and you can see the face of a mom obsessed. #ä¸­é‚ª I mean geez I look freaking smitten by this boy or what? ğŸ˜³ But hey in my defence who wouldn't be right? ğŸ˜ğŸ˜ğŸ˜
.
Omg RIP my old favourite @Juicycouture slippers which I used to wear to death. ğŸ˜« Knees bruised because of rough sex just kidding I fell down a flight of stairs like some loser"
107,https://www.instagram.com/p/BYsMEiTBbp3/?taken-by=xiaxue,"Watching Lion Mums 2! Having a lot of feels from all the mum-related issues the 4 Singaporean mums are dealing with in #LionMums2, although my kid is younger than theirs. But I'll soon have to deal with all the same stuff, like finding a primary school for Dash! ğŸ˜± Omg nowadays mums are so kiasu ok I swear I've had friends tell me when they are PREGNANT they already worried about primary school enrollment. Meanwhile I'm still being lazy and people are asking me to start volunteering already! ğŸ˜°Wah lau can you all please... I'll wait till he hits K1 next year to start panicking. ğŸ˜³ Watching the show on Ch 5 (Mon-Thurs) 10pm gives me at least some preparation for the war ahead I guess!!
.
For so many of us ""Lion Mums"", especially those juggling work and motherhood, the show will surely resonate with you. Plus there is a ""Super Mum"" in the show... the same kind of overachieving, know-it-all, my-child-is-better-than-yours Mum that we all love to hate. ğŸ˜‚
.
You can also watch these supermums in action on #ToggleSG via http://bit.ly/2eF0YTE #sp
.
#lionmums2 #togglesg
@mediacorpch5"
108,https://www.instagram.com/p/BYokXRbHvg1/?taken-by=xiaxue,"Watching this old video of Dash on loop and can't stop smiling. He used to not be able to pronounce the S sound so he will replace all words with S with a snort from his little nose!! It is too cute I just can't deal ğŸ˜ğŸ˜ğŸ˜ He says ""house"" and ""mouse"" like that and omg his baby curls! His hair is so straight now ğŸ˜­"
109,https://www.instagram.com/p/BYnldF8HUy8/?taken-by=xiaxue,"ğŸ¤¢ Sara gifs are the best!! ğŸ˜‚ Sara is my character on Lifespam...have you guys watched it yet? 4 episodes are out so far out of 8. I'll be doing an FB live on 5th September on @toggle_sg's Facebook page! My costars will be there too so it's your chance to have a nice chat with us â˜º So put it in your Calendar! 5th Sept at 8pm sharp on Toggle's Facebook Page (http://fb.com/togglemcs). See you guys! ğŸ˜ Link to latest episode on @toggle_sg bio! 
#ToggleLifeSpam #ToggleOriginal #sp"
110,https://www.instagram.com/p/BYknUh5nj_Z/?taken-by=xiaxue,Wyd when it's your wedding day and you see a chick from a band called @thesamwillows or something (supposedly popular?!) making eyes at your husband to be? ğŸ˜  Hahaha @narellekheng does this count fulfilling your dream of being flamed by Xiaxue? ğŸ˜‚ It's the exciting wedding episode of Lifespam so watch it on on toggle (free!) at http://bit.ly/XiaxueLifeSpam4
111,https://www.instagram.com/p/BYiN9OJnMkO/?taken-by=xiaxue,"ğŸ˜­ Thank you to my wonderful makeup artist, me, for helping me out during my wedding crying scene!! ğŸ˜‚ Girls always think wearing a wedding gown is a once in a lifetime thing (unless touch wood) but hey I got to wear it again for Lifespam, getting married to @andrewluadj! ğŸ˜„ And it's a SUPER PRETTY gown from @labelle_couture ğŸ˜ Lifespam episode 4 is out so watch @narellekheng give me the ultimate betrayal!! Go here to watch! http://bit.ly/XiaxueLifeSpam4"
112,https://www.instagram.com/p/BYfVcnsHxjd/?taken-by=xiaxue,So I hear squiggly brows are the newest beauty trend ğŸ˜‚ğŸ˜‚ #wtf2017 They are way too troublesome to do irl but easy enough with photoshop so here you go hahaha... @promisetamang comes up with the most creative makeup looks I swear ğŸ˜‚
113,https://www.instagram.com/p/BYda9K7B8Ep/?taken-by=xiaxue,Got a pimple on the forehead culturally appropriating guan yin ma #guanyinmadiditfirst
114,https://www.instagram.com/p/BYYdbG6BKCI/?taken-by=xiaxue,"This is one of my favourite photos of myself!!! ğŸ˜ğŸ˜ğŸ˜ Thank you @8daysmagazine for shooting my future presidential election photo!! ğŸ˜‚ Anyway some of you wanted to read the article so if you missed the magazine and want to see how this photo looks like before photoshop (spoiler alert, saggier and smaller boobs), there is a web version too!
.
You can go to http://bit.do/xx8days â˜ºï¸Have fun!!
.
Ps: Makeup done by me ğŸ˜"
115,https://www.instagram.com/p/BYQDS8aBCr6/?taken-by=xiaxue,He was being so cute in the shower I went out to grab the DSLR ğŸ˜‚ #obsessedmom
116,https://www.instagram.com/p/BYOH--hBKjk/?taken-by=xiaxue,"Newest YouTube video is up! It's the requested All Time Faves!! Check it out now, link in bio. ğŸ˜Š"
117,https://www.instagram.com/p/BYNPJeyhCCX/?taken-by=xiaxue,Haha it looks like the toys are very excited to see him ğŸ˜‚ #perfecttiming #toystory3
118,https://www.instagram.com/p/BYLYMpfBP_x/?taken-by=xiaxue,Hahahaha I just realized Dash can say some colours and 1-5 in Spanish thanks to this toy he had since he was a baby ğŸ˜‚ğŸ˜‚ Apparently avocado is a colour ğŸ˜‚
119,https://www.instagram.com/p/BYLHl02BhaY/?taken-by=xiaxue,New @casetify glitter waterfall case customized with my name ğŸ˜ And new set of nails by @glitzyfingers!! Wanted something simple this time so the tips are transparent and with a gold glitter rim. âœ¨
120,https://www.instagram.com/p/BYK5QK8BiEm/?taken-by=xiaxue,Grandma is proud of my @8daysmagazine cover ğŸ˜„ Also her shirt is like Pineapple Pen's lol
121,https://www.instagram.com/p/BYF_eKgBDld/?taken-by=xiaxue,"SHIT JUST GOT REAL...I just found out from my latest @tktrichokare treatment that my actual hair age is 46 years old when I'm only 33?! ğŸ˜±ğŸ˜­ğŸ˜­ The certified Trichologist did the Advanced Tricho Hair Test and explained that it was due to bleaching and dyeing which causes me to have a sensitive, dry and flaky scalp which triggers inflammation, itching and impedes hair growth. ğŸ˜” STILL, I'm very happy to say that I can still continue to bleach my hair to any unicorn colour because I have #TrichoKare to help me tackle all my concerns! ğŸŒˆ
.
Just tried their Advanced Age Defying Hair Treatment... It features the latest Oxyjet technology, which helps to reactivate up to 80% of dormant hair follicles, accelerate cell regeneration to stimulate hair growth, boost collagen and melanin production to prevent greying hair and reduce hair loss.
.
After a 2hr pampering hair session which includes the best scalp massage, the result is clear: my scalp feels so fresh and well-cleansed! No more dandruff!! Yayyy. Also, it helps to increase hair growth and reduces premature grey hair. .
Iâ€™m always impressed by the results from TrichoKare customised hair treatment. It has continued to show great results for my scalp and hair! Guess I can try to look as young as possible before a head full of white hairs! ğŸ‘µğŸ¼
.
Plus, they have outlets conveniently located near MRT stations, so there really isnâ€™t an excuse not to try them out right?
.
A healthy clean scalp prevents future hair loss. If you have hair loss or scalp problems and want to do something about it before it's too late, good news! Discover your Hair Age and combat your hair problems with their Advanced Age Defying Hair Treatment @ $42 ONLY and receive a FREE Hair Care Kit + HairGRO Serum (U.P. $758) by filling up this form here - www.tk-hair.com/xx/
.
#TKTrichoKare #Trichologist # Reverseyourhairage #Youthfulhair #sp"
122,https://www.instagram.com/p/BYC6somhwDA/?taken-by=xiaxue,Haters will say it's photoshopped. ğŸ˜‚ Repost from @8daysmagazine! I'm on the cover ğŸ˜ğŸ˜ğŸ˜ And I LOVE this one because for the first time I get to photoshop it myself! ğŸ‘ŠğŸ»You have to get the magazine because you can see all the ORIGINAL photos in their ugly glory inside! YES NO PHOTOSHOP NO EDIT NO FILTER! ğŸ˜‚ All the haters will love because they are like yes she's ugly af I knew it but hey you aren't on the magazine are you? ğŸ˜‚ğŸ˜‚ Skarly they are because they are the pet frog ğŸ¸ Ok I'm rambling on do go buy the magazine! I photoshopped 5 pictures for them and you can see all 5 both edited and NOT edited! Makeup is done by me and thank you Leng from @nextthesalon for doing my hair ğŸ˜
123,https://www.instagram.com/p/BX-wsgNBY0L/?taken-by=xiaxue,Oh shit I'm famous ğŸ˜‚Thank you @toggle_sg for putting #Lifespam on a giant billboard ğŸ˜ Watch my acting debut now though http://bit.ly/XiaxueLifeSpam2 Second ep is out now!
124,https://www.instagram.com/p/BX-iVCQhqz5/?taken-by=xiaxue,"HA HA HA HA LOOK AT HIS FACE ğŸ˜‚ğŸ˜‚ğŸ˜‚ We had loads of fun at Monster Jam today, watching 10 VERY loud monster trucks compete against each other and flipping around! ğŸ˜± Check out my ig stories!! I'm so excited to finally witness monster trucks for real, something I always see on Dash's cartoons but thought I'd never see irl. Dash had ear muffs but refused to wear them so he just improvised with his hands ğŸ˜‚ He looks terrified but he was actually very excited. Thank you for the tickets #monsterjamsg! So many happy little boys there - finally an event just perfect for them!"
125,https://www.instagram.com/p/BX9vyxwBpI3/?taken-by=xiaxue,Little Saturday snapshots â˜ºï¸ So excited to bring Dash to watch Monster Jam later!!! ğŸšœğŸğŸš—
126,https://www.instagram.com/p/BXxpgG6hWgT/?taken-by=xiaxue,First time doing bridal makeup! ğŸŒ¹ğŸ’ğŸŒ¹ğŸ’ğŸŒ¹Very nice right???? ğŸ˜ Congrats @binnl0ve and Carlo!! â¤ï¸ #çœ‹ç€ä½ é•¿å¤§ #CarloandQibinWedd
127,https://www.instagram.com/p/BXwk3XwhnAD/?taken-by=xiaxue,"So much fun with my #lifespam costars ğŸ˜„ We were shooting our concept trailer and everything was purple! ğŸ˜± Episode 1 of Lifespam is out on @toggle_sg and yes it's my first time acting! ğŸ˜³ If you haven't watched it yet, go on toggle and just search Lifespam... or follow this link: https://video.toggle.sg/en/video/series/lifespam"
128,https://www.instagram.com/p/BXrdXxxBLjF/?taken-by=xiaxue,Was looking at my old ig posts and found this gem where I held a little contest to get people to imitate Dash's ridiculous expressions and Mike and I did it too. Anyway now that we can post photos side by side it's perfect for comparison so here you go! Swipe left to see our efforts! ğŸ˜‚
129,https://www.instagram.com/p/BXrbUPih81i/?taken-by=xiaxue,ğŸ˜­ My beautiful Thomas the Train piece destroyed by over confident toddler who is amused by Thomas' lack of a mouth after desecrating precious artwork. ğŸ˜­ğŸ˜­ #oursaturday
130,https://www.instagram.com/p/BXp5hH3Bdvq/?taken-by=xiaxue,Best Lightning McQueen quote ğŸ˜‚ğŸš˜ #ifyouaintfirstyourelast #talladeganights
131,https://www.instagram.com/p/BXosOoFBF4w/?taken-by=xiaxue,Dash at 2 months old ğŸ˜
